SET NAMES UTF8;
DROP DATABASE IF EXISTS  konghey;
CREATE DATABASE konghey charset=UTF8;
USE konghey;
CREATE TABLE kh_user(
	uid int(11) NOT NULL auto_increment,
	phone varchar(16) default NULL,
	upwd varchar(32) default NULL,
	user_name varchar(32) default NULL,
	PRIMARY KEY  (`uid`)
  ) ENGINE=InnoDB AUTO_INCREMENT=13 DEFAULT CHARSET=utf8;
INSERT INTO `kh_user` VALUES ( '1',  '13501234567', '123456', '丁春秋' );
INSERT INTO `kh_user` VALUES ( '2',  '13501234568', '123456', '当当喵' );
INSERT INTO `kh_user` VALUES ( '3', '13501234569', '123456', '窦志强' );
INSERT INTO `kh_user` VALUES ( '4', '13501234560', '123456', '秦小雅' );

-- ----------------------------
-- Table structure for `kh_index_carousel`
-- ----------------------------
DROP TABLE IF EXISTS `kh_index_carousel`;
CREATE TABLE `kh_index_carousel` (
  `cid` int(11) NOT NULL auto_increment,
  `img` varchar(128) default NULL,
  `title` varchar(64) default NULL,
  `href` varchar(128) default NULL,
  PRIMARY KEY  (`cid`)
) ENGINE=InnoDB AUTO_INCREMENT=13 DEFAULT CHARSET=utf8;

-- ----------------------------
-- Records of kh_index_carousel
-- ----------------------------
INSERT INTO `kh_index_carousel` VALUES ('9', ' Images/banner/No5/1920x300.jpg ', '轮播广告商品1', 'index.html');
INSERT INTO `kh_index_carousel` VALUES ('10', 'Images/banner/No1/1903x296.jpg', '轮播广告商品2', 'index.html');
INSERT INTO `kh_index_carousel` VALUES ('11', 'Images/banner/No6/1903x296.jpg', '轮播广告商品3', 'index.html');
INSERT INTO `kh_index_carousel` VALUES ('12', 'Images/banner/No3/1920x296.jpg', '轮播广告商品4', 'index.html');
INSERT INTO `kh_index_carousel` VALUES ('13', 'Images/banner/No4/1903x296.jpg', '轮播广告商品5', 'index.html');

#Table structure for `kh_laptop_family`
DROP TABLE IF EXISTS `kh_laptop_family`;
CREATE TABLE `kh_laptop_family` (
`fid` int(11) NOT NULL auto_increment,
`fname` varchar(32) default NULL,
PRIMARY KEY  (`fid`)
) ENGINE=InnoDB AUTO_INCREMENT=11 DEFAULT CHARSET=utf8;
-- ----------------------------
-- Records of kh_laptop_family
-- ----------------------------
INSERT INTO `kh_laptop_family` VALUES ('1', '喜发精选XY');
INSERT INTO `kh_laptop_family` VALUES ('2', '喜发精选DY');
INSERT INTO `kh_laptop_family` VALUES ('3', '喜发精选');

#Table structure for `kh_index_product`
DROP TABLE IF EXISTS `kh_index_product`;
CREATE TABLE `kh_index_product` (
  `pid` int(11) NOT NULL auto_increment,
  `title` varchar(64) default NULL,
  `annual_rate`decimal(5,2) default NULL,
  `term` int(3) default NULL,
  `loan_amount` int(9) default NULL,
  `progress` varchar(8) default NULL,
  `loan_state` tinyint(4) default NULL,
  `seq_recommended` tinyint(4) default NULL,
  PRIMARY KEY  (`pid`)
) ENGINE=InnoDB AUTO_INCREMENT=15 DEFAULT CHARSET=utf8;

# Records of kh_index_product
INSERT INTO `kh_index_product` VALUES ('1', '喜发精选XY181916210624', '8.00', '30', '700000','58',  '1','1');
INSERT INTO `kh_index_product` VALUES ('2', '喜发精选XY182911190638', '11.60', '180', '500000','91',  '1','2');
INSERT INTO `kh_index_product` VALUES ('3', '喜发精选XY182618140667', '11.60', '180', '500000','100',  '0','3');
INSERT INTO `kh_index_product` VALUES ('4', '喜发精选DY184509140686', '9.60', '90', '500000','100',  '0','4');
INSERT INTO `kh_index_product` VALUES ('5', '喜发精选DY180816080647', '9.60', '930', '500000','100',  '0','5');
INSERT INTO `kh_index_product` VALUES ('6', '喜发精选DY185216060603', '9.60', '930', '720000','100',  '0','6');
INSERT INTO `kh_index_product` VALUES ('7', '喜发精选DY183215060691', '9.60', '90', '20000','100',  '0','7');
INSERT INTO `kh_index_product` VALUES ('8', '喜发精选DY185714310571', '11.60', '180', '500000','100',  '0','8');
INSERT INTO `kh_index_product` VALUES ('9', '喜发精选DY184311310515', '9.60', '90', '500000','100',  '0','0');

#Table structure for `kh_laptop`
CREATE TABLE `kh_laptop` (
  `lid` int(11) NOT NULL auto_increment,
  `fid` int(11) default NULL,
  `title` varchar(64) default NULL,
   `annual_rate`decimal(5,2) default NULL,
   `term` int(3) default NULL,
   `loan_amount` int(9) default NULL,
   `minLoan` int(4) default 100,
   `progress` varchar(8) default NULL,
  `loanCondition` varchar(64) default NULL,
  `valueDate` varchar(64) default NULL,
  `payMethod` varchar(32) default NULL,
  `dueDate` varchar(32) default NULL,
  `cutOffTime` varchar(32) default NULL,
  `lent_amout` int(9) default NULL,
  `expected_earnings` int(9) default NULL,
  `loan_state` tinyint(4) default NULL,
  PRIMARY KEY  (`lid`)
) ENGINE=InnoDB AUTO_INCREMENT=44 DEFAULT CHARSET=utf8;

#Records of kh_laptop
INSERT INTO `kh_laptop` VALUES ('1', '1', '喜发精选XY181916210624', '8.00', '30', '700000', '100', '58%', '保守型 及以上', '成功放款次日', '按期付息到期还本', '2018-07-27', NULL,'291,602', '0', '1');
INSERT INTO `kh_laptop` VALUES ('2', '1', '喜发精选XY182911190638', '11.60', '180', '500000', '100', '91%', '保守型 及以上', '成功放款次日', '按期付息到期还本', '2018-07-30', NULL,'41,200', '0', '1');
INSERT INTO `kh_laptop` VALUES ('3', '1', '喜发精选XY182618140667', '11.60', '180', '500000', '100', '100%', '保守型 及以上', '成功放款次日', '按期付息到期还本', '2018-06-20', NULL,'0', '0', '0');
INSERT INTO `kh_laptop` VALUES ('4', '2', '喜发精选DY184509140686', '8.00', '90', '500000', '100', '100%', '保守型 及以上', '成功放款次日', '按期付息到期还本', '2018-06-21', NULL,'0', '0', '0');
INSERT INTO `kh_laptop` VALUES ('5', '2', '喜发精选DY180816080647', '9.60', '90', '500000', '100', '100%', '保守型 及以上', '成功放款次日', '按期付息到期还本', '2018-06-14', NULL,'0', '0', '0');
INSERT INTO `kh_laptop` VALUES ('6', '2', '喜发精选DY185216060603', '9.60', '90', '200000', '100', '100%', '保守型 及以上', '成功放款次日', '按期付息到期还本', '2018-06-12', NULL,'0', '0', '0');
INSERT INTO `kh_laptop` VALUES ('7', '2', '喜发精选DY183215060691', '9.60', '90', '200000', '100', '100%', '保守型 及以上', '成功放款次日', '按期付息到期还本', '2018-06-11', NULL,'0', '0', '0');
INSERT INTO `kh_laptop` VALUES ('8', '2', '喜发精选DY185714310571', '11.60', '180', '500000', '100', '100%', '保守型 及以上', '成功放款次日', '按期付息到期还本', '2018-06-06', NULL,'0', '0', '0');
INSERT INTO `kh_laptop` VALUES ('9', '2', '喜发精选DY184311310515', '9.60', '90', '500000', '100', '100%', '保守型 及以上', '成功放款次日', '按期付息到期还本', '2018-06-06', NULL,'0', '0', '0');
INSERT INTO `kh_laptop` VALUES ('10', '2', '喜发精选DY181711150579', '11.60', '180', '200000', '100', '100%', '保守型 及以上', '成功放款次日', '按期付息到期还本', '2018-05-20', NULL,'0', '0', '0');
INSERT INTO `kh_laptop` VALUES ('11', '3', '喜发精选201804130906', '11.60', '180', '200000', '100', '100%', '保守型 及以上', '成功放款次日', '按期付息到期还本', '2018-05-20', NULL,'0', '0', '0');
INSERT INTO `kh_laptop` VALUES ('12', '3', '喜发精选201804121403', '9.60', '90', '500000', '100', '100%', '保守型 及以上', '成功放款次日', '按期付息到期还本', '2018-05-20', NULL,'0', '0', '0');
INSERT INTO `kh_laptop` VALUES ('13', '2', '喜发精选DY183215060691', '9.60', '90', '200000', '100', '100%', '保守型 及以上', '成功放款次日', '按期付息到期还本', '2018-06-11', NULL,'0', '0', '0');
INSERT INTO `kh_laptop` VALUES ('14', '2', '喜发精选DY185714310571', '11.60', '180', '500000', '100', '100%', '保守型 及以上', '成功放款次日', '按期付息到期还本', '2018-06-06', NULL,'0', '0', '0');
INSERT INTO `kh_laptop` VALUES ('15', '2', '喜发精选DY184311310515', '9.60', '90', '500000', '100', '100%', '保守型 及以上', '成功放款次日', '按期付息到期还本', '2018-06-06', NULL,'0', '0', '0');
INSERT INTO `kh_laptop` VALUES ('16', '2', '喜发精选DY181711150579', '11.60', '180', '200000', '100', '100%', '保守型 及以上', '成功放款次日', '按期付息到期还本', '2018-05-20', NULL,'0', '0', '0');
INSERT INTO `kh_laptop` VALUES ('17', '3', '喜发精选201804130906', '11.60', '180', '200000', '100', '100%', '保守型 及以上', '成功放款次日', '按期付息到期还本', '2018-05-20', NULL,'0', '0', '0');
INSERT INTO `kh_laptop` VALUES ('18', '3', '喜发精选201804121403', '9.60', '90', '500000', '100', '100%', '保守型 及以上', '成功放款次日', '按期付息到期还本', '2018-05-20', NULL,'0', '0', '0');
INSERT INTO `kh_laptop` VALUES ('19', '3', '喜发精选201804121403', '9.60', '90', '500000', '100', '100%', '保守型 及以上', '成功放款次日', '按期付息到期还本', '2018-05-20', NULL,'0', '0', '0');
INSERT INTO `kh_laptop` VALUES ('20', '3', '喜发精选201804121403', '9.60', '90', '500000', '100', '100%', '保守型 及以上', '成功放款次日', '按期付息到期还本', '2018-05-20', NULL,'0', '0', '0');
INSERT INTO `kh_laptop` VALUES ('21', '2', '喜发精选DY185216060603', '9.60', '90', '200000', '100', '100%', '保守型 及以上', '成功放款次日', '按期付息到期还本', '2018-06-12', NULL,'0', '0', '0');
INSERT INTO `kh_laptop` VALUES ('22', '2', '喜发精选DY183215060691', '9.60', '90', '200000', '100', '100%', '保守型 及以上', '成功放款次日', '按期付息到期还本', '2018-06-11', NULL,'0', '0', '0');
INSERT INTO `kh_laptop` VALUES ('23', '2', '喜发精选DY185714310571', '11.60', '180', '500000', '100', '100%', '保守型 及以上', '成功放款次日', '按期付息到期还本', '2018-06-06', NULL,'0', '0', '0');
INSERT INTO `kh_laptop` VALUES ('24', '2', '喜发精选DY184311310515', '9.60', '90', '500000', '100', '100%', '保守型 及以上', '成功放款次日', '按期付息到期还本', '2018-06-06', NULL,'0', '0', '0');
INSERT INTO `kh_laptop` VALUES ('25', '2', '喜发精选DY181711150579', '11.60', '180', '200000', '100', '100%', '保守型 及以上', '成功放款次日', '按期付息到期还本', '2018-05-20', NULL,'0', '0', '0');
INSERT INTO `kh_laptop` VALUES ('26', '3', '喜发精选201804130906', '11.60', '180', '200000', '100', '100%', '保守型 及以上', '成功放款次日', '按期付息到期还本', '2018-05-20', NULL,'0', '0', '0');
INSERT INTO `kh_laptop` VALUES ('27', '3', '喜发精选201804121403', '9.60', '90', '500000', '100', '100%', '保守型 及以上', '成功放款次日', '按期付息到期还本', '2018-05-20', NULL,'0', '0', '0');
INSERT INTO `kh_laptop` VALUES ('28', '2', '喜发精选DY183215060691', '9.60', '90', '200000', '100', '100%', '保守型 及以上', '成功放款次日', '按期付息到期还本', '2018-06-11', NULL,'0', '0', '0');
INSERT INTO `kh_laptop` VALUES ('29', '2', '喜发精选DY185714310571', '11.60', '180', '500000', '100', '100%', '保守型 及以上', '成功放款次日', '按期付息到期还本', '2018-06-06', NULL,'0', '0', '0');
INSERT INTO `kh_laptop` VALUES ('30', '2', '喜发精选DY184311310515', '9.60', '90', '500000', '100', '100%', '保守型 及以上', '成功放款次日', '按期付息到期还本', '2018-06-06', NULL,'0', '0', '0');
INSERT INTO `kh_laptop` VALUES ('31', '2', '喜发精选DY181711150579', '11.60', '180', '200000', '100', '100%', '保守型 及以上', '成功放款次日', '按期付息到期还本', '2018-05-20', NULL,'0', '0', '0');
INSERT INTO `kh_laptop` VALUES ('32', '3', '喜发精选201804130906', '11.60', '180', '200000', '100', '100%', '保守型 及以上', '成功放款次日', '按期付息到期还本', '2018-05-20', NULL,'0', '0', '0');
INSERT INTO `kh_laptop` VALUES ('33', '3', '喜发精选201804121403', '9.60', '90', '500000', '100', '100%', '保守型 及以上', '成功放款次日', '按期付息到期还本', '2018-05-20', NULL,'0', '0', '0');
INSERT INTO `kh_laptop` VALUES ('34', '2', '喜发精选DY184311310515', '9.60', '90', '500000', '100', '100%', '保守型 及以上', '成功放款次日', '按期付息到期还本', '2018-06-06', NULL,'0', '0', '0');
INSERT INTO `kh_laptop` VALUES ('35', '2', '喜发精选DY181711150579', '11.60', '180', '200000', '100', '100%', '保守型 及以上', '成功放款次日', '按期付息到期还本', '2018-05-20', NULL,'0', '0', '0');
INSERT INTO `kh_laptop` VALUES ('36', '3', '喜发精选201804130906', '11.60', '180', '200000', '100', '100%', '保守型 及以上', '成功放款次日', '按期付息到期还本', '2018-05-20', NULL,'0', '0', '0');
INSERT INTO `kh_laptop` VALUES ('37', '3', '喜发精选201804121403', '9.60', '90', '500000', '100', '100%', '保守型 及以上', '成功放款次日', '按期付息到期还本', '2018-05-20', NULL,'0', '0', '0');
INSERT INTO `kh_laptop` VALUES ('38', '2', '喜发精选DY183215060691', '9.60', '90', '200000', '100', '100%', '保守型 及以上', '成功放款次日', '按期付息到期还本', '2018-06-11', NULL,'0', '0', '0');
INSERT INTO `kh_laptop` VALUES ('39', '2', '喜发精选DY185714310571', '11.60', '180', '500000', '100', '100%', '保守型 及以上', '成功放款次日', '按期付息到期还本', '2018-06-06', NULL,'0', '0', '0');
INSERT INTO `kh_laptop` VALUES ('40', '2', '喜发精选DY184311310515', '9.60', '90', '500000', '100', '100%', '保守型 及以上', '成功放款次日', '按期付息到期还本', '2018-06-06', NULL,'0', '0', '0');
INSERT INTO `kh_laptop` VALUES ('41', '2', '喜发精选DY181711150579', '11.60', '180', '200000', '100', '100%', '保守型 及以上', '成功放款次日', '按期付息到期还本', '2018-05-20', NULL,'0', '0', '0');
INSERT INTO `kh_laptop` VALUES ('42', '3', '喜发精选201804130906', '11.60', '180', '200000', '100', '100%', '保守型 及以上', '成功放款次日', '按期付息到期还本', '2018-05-20', NULL,'0', '0', '0');
INSERT INTO `kh_laptop` VALUES ('43', '3', '喜发精选201804121403', '9.60', '90', '500000', '100', '100%', '保守型 及以上', '成功放款次日', '按期付息到期还本', '2018-05-20', NULL,'0', '0', '0');
INSERT INTO `kh_laptop` VALUES ('44', '2', '喜发精选DY185714310571', '11.60', '180', '500000', '100', '100%', '保守型 及以上', '成功放款次日', '按期付息到期还本', '2018-06-06', NULL,'0', '0', '0');
INSERT INTO `kh_laptop` VALUES ('45', '2', '喜发精选DY184311310515', '9.60', '90', '500000', '100', '100%', '保守型 及以上', '成功放款次日', '按期付息到期还本', '2018-06-06', NULL,'0', '0', '0');
INSERT INTO `kh_laptop` VALUES ('46', '2', '喜发精选DY181711150579', '11.60', '180', '200000', '100', '100%', '保守型 及以上', '成功放款次日', '按期付息到期还本', '2018-05-20', NULL,'0', '0', '0');
INSERT INTO `kh_laptop` VALUES ('47', '3', '喜发精选201804130906', '11.60', '180', '200000', '100', '100%', '保守型 及以上', '成功放款次日', '按期付息到期还本', '2018-05-20', NULL,'0', '0', '0');
INSERT INTO `kh_laptop` VALUES ('48', '3', '喜发精选201804121403', '9.60', '90', '500000', '100', '100%', '保守型 及以上', '成功放款次日', '按期付息到期还本', '2018-05-20', NULL,'0', '0', '0');
INSERT INTO `kh_laptop` VALUES ('49', '3', '喜发精选201804121403', '9.60', '90', '500000', '100', '100%', '保守型 及以上', '成功放款次日', '按期付息到期还本', '2018-05-20', NULL,'0', '0', '0');
INSERT INTO `kh_laptop` VALUES ('50', '3', '喜发精选201804121403', '9.60', '90', '500000', '100', '100%', '保守型 及以上', '成功放款次日', '按期付息到期还本', '2018-05-20', NULL,'0', '0', '0');
INSERT INTO `kh_laptop` VALUES ('51', '2', '喜发精选DY185216060603', '9.60', '90', '200000', '100', '100%', '保守型 及以上', '成功放款次日', '按期付息到期还本', '2018-06-12', NULL,'0', '0', '0');
INSERT INTO `kh_laptop` VALUES ('52', '2', '喜发精选DY183215060691', '9.60', '90', '200000', '100', '100%', '保守型 及以上', '成功放款次日', '按期付息到期还本', '2018-06-11', NULL,'0', '0', '0');
INSERT INTO `kh_laptop` VALUES ('53', '2', '喜发精选DY185714310571', '11.60', '180', '500000', '100', '100%', '保守型 及以上', '成功放款次日', '按期付息到期还本', '2018-06-06', NULL,'0', '0', '0');
INSERT INTO `kh_laptop` VALUES ('54', '2', '喜发精选DY184311310515', '9.60', '90', '500000', '100', '100%', '保守型 及以上', '成功放款次日', '按期付息到期还本', '2018-06-06', NULL,'0', '0', '0');
INSERT INTO `kh_laptop` VALUES ('55', '2', '喜发精选DY181711150579', '11.60', '180', '200000', '100', '100%', '保守型 及以上', '成功放款次日', '按期付息到期还本', '2018-05-20', NULL,'0', '0', '0');
INSERT INTO `kh_laptop` VALUES ('56', '3', '喜发精选201804130906', '11.60', '180', '200000', '100', '100%', '保守型 及以上', '成功放款次日', '按期付息到期还本', '2018-05-20', NULL,'0', '0', '0');
INSERT INTO `kh_laptop` VALUES ('57', '3', '喜发精选201804121403', '9.60', '90', '500000', '100', '100%', '保守型 及以上', '成功放款次日', '按期付息到期还本', '2018-05-20', NULL,'0', '0', '0');
INSERT INTO `kh_laptop` VALUES ('58', '2', '喜发精选DY183215060691', '9.60', '90', '200000', '100', '100%', '保守型 及以上', '成功放款次日', '按期付息到期还本', '2018-06-11', NULL,'0', '0', '0');
INSERT INTO `kh_laptop` VALUES ('59', '2', '喜发精选DY185714310571', '11.60', '180', '500000', '100', '100%', '保守型 及以上', '成功放款次日', '按期付息到期还本', '2018-06-06', NULL,'0', '0', '0');
INSERT INTO `kh_laptop` VALUES ('60', '2', '喜发精选DY184311310515', '9.60', '90', '500000', '100', '100%', '保守型 及以上', '成功放款次日', '按期付息到期还本', '2018-06-06', NULL,'0', '0', '0');
INSERT INTO `kh_laptop` VALUES ('61', '2', '喜发精选DY181711150579', '11.60', '180', '200000', '100', '100%', '保守型 及以上', '成功放款次日', '按期付息到期还本', '2018-05-20', NULL,'0', '0', '0');
INSERT INTO `kh_laptop` VALUES ('62', '3', '喜发精选201804130906', '11.60', '180', '200000', '100', '100%', '保守型 及以上', '成功放款次日', '按期付息到期还本', '2018-05-20', NULL,'0', '0', '0');
INSERT INTO `kh_laptop` VALUES ('63', '3', '喜发精选201804121403', '9.60', '90', '500000', '100', '100%', '保守型 及以上', '成功放款次日', '按期付息到期还本', '2018-05-20', NULL,'0', '0', '0');
INSERT INTO `kh_laptop` VALUES ('64', '2', '喜发精选DY184311310515', '9.60', '90', '500000', '100', '100%', '保守型 及以上', '成功放款次日', '按期付息到期还本', '2018-06-06', NULL,'0', '0', '0');
INSERT INTO `kh_laptop` VALUES ('65', '2', '喜发精选DY181711150579', '11.60', '180', '200000', '100', '100%', '保守型 及以上', '成功放款次日', '按期付息到期还本', '2018-05-20', NULL,'0', '0', '0');
INSERT INTO `kh_laptop` VALUES ('66', '3', '喜发精选201804130906', '11.60', '180', '200000', '100', '100%', '保守型 及以上', '成功放款次日', '按期付息到期还本', '2018-05-20', NULL,'0', '0', '0');
INSERT INTO `kh_laptop` VALUES ('67', '3', '喜发精选201804121403', '9.60', '90', '500000', '100', '100%', '保守型 及以上', '成功放款次日', '按期付息到期还本', '2018-05-20', NULL,'0', '0', '0');
INSERT INTO `kh_laptop` VALUES ('68', '2', '喜发精选DY183215060691', '9.60', '90', '200000', '100', '100%', '保守型 及以上', '成功放款次日', '按期付息到期还本', '2018-06-11', NULL,'0', '0', '0');
INSERT INTO `kh_laptop` VALUES ('69', '2', '喜发精选DY185714310571', '11.60', '180', '500000', '100', '100%', '保守型 及以上', '成功放款次日', '按期付息到期还本', '2018-06-06', NULL,'0', '0', '0');
INSERT INTO `kh_laptop` VALUES ('70', '2', '喜发精选DY184311310515', '9.60', '90', '500000', '100', '100%', '保守型 及以上', '成功放款次日', '按期付息到期还本', '2018-06-06', NULL,'0', '0', '0');
INSERT INTO `kh_laptop` VALUES ('71', '2', '喜发精选DY181711150579', '11.60', '180', '200000', '100', '100%', '保守型 及以上', '成功放款次日', '按期付息到期还本', '2018-05-20', NULL,'0', '0', '0');
INSERT INTO `kh_laptop` VALUES ('72', '3', '喜发精选201804130906', '11.60', '180', '200000', '100', '100%', '保守型 及以上', '成功放款次日', '按期付息到期还本', '2018-05-20', NULL,'0', '0', '0');
INSERT INTO `kh_laptop` VALUES ('73', '3', '喜发精选201804121403', '9.60', '90', '500000', '100', '100%', '保守型 及以上', '成功放款次日', '按期付息到期还本', '2018-05-20', NULL,'0', '0', '0');
INSERT INTO `kh_laptop` VALUES ('74', '3', '喜发精选201804130906', '11.60', '180', '200000', '100', '100%', '保守型 及以上', '成功放款次日', '按期付息到期还本', '2018-05-20', NULL,'0', '0', '0');
INSERT INTO `kh_laptop` VALUES ('75', '3', '喜发精选201804121403', '9.60', '90', '500000', '100', '100%', '保守型 及以上', '成功放款次日', '按期付息到期还本', '2018-05-20', NULL,'0', '0', '0');
















